,columna_fecha,formato_fecha,tiene_hora,columna_llave,formato_llave,columna_dinero,unidad_dinero,columna_zona,observaciones
tm_estaciones.csv,-,-,-,-,-,-,-,POR CONFIRMAR (sección 3),catálogo (snapshot por fecha de ingesta)
tu_paradas.csv,-,-,-,-,-,-,-,POR CONFIRMAR (sección 3),catálogo (snapshot por fecha de ingesta)
mr_estaciones.csv,-,-,-,-,-,-,-,POR CONFIRMAR (sección 3),catálogo (snapshot por fecha de ingesta)
am_estaciones.csv,-,-,-,-,-,-,-,POR CONFIRMAR (sección 3),catálogo (snapshot por fecha de ingesta)
transmetro_validaciones.csv,fecha_hora,"YYYY-MM-DD HH:MM:SS (hora local, sin zona)",sí,tarjeta,TC-99999999,tarifa,quetzales (0.00 a 1.00),no trae; vía estacion_id → tm_estaciones,"363,221 filas; 1,115 duplicadas exactas (Silver deduplica por validacion_id); columnas: validacion_id, tarjeta, estacion_id, linea, fecha_hora, tarifa, tipo"
aerometro_boardings.csv,timestamp_utc,YYYY-MM-DDTHH:MM:SSZ (UTC),sí,user_hash,12 caracteres hexadecimales,fare,quetzales (3.50),no trae; vía station_code → am_estaciones,"203,554 filas; 0 duplicadas; rango UTC 2026-06-01 10:00 → 2026-07-16 04:59 (equivale a 04:00-22:59 local, UTC-6); columnas: boarding_id, station_code, axis, cabin_number"
transurbano_transacciones.csv,fecha + hora (separadas),DD/MM/YYYY y HH:MM:SS (confirmar con 4.2b),sí (columna hora),num_tarjeta,"9999999999 (10 dígitos, ceros a la izquierda)",monto_centavos,centavos (65 y 130),no trae; vía cod_parada → tu_paradas,"832,791 filas; sin id de evento; cod_parada nulo en 4,189 (0.5%); cod_estado con códigos 1-3 sin catálogo; pandas infiere num_tarjeta como int y pierde los ceros"
metroriel_viajes.jsonl,entry.ts / exit.ts,ISO 8601 sin zona: YYYY-MM-DDTHH:MM:SS,sí,card,MR9999999,fare_gtq,quetzales (3.0),no trae; vía entry.station / exit.station → mr_estaciones,"esquema estable, profundidad 1, sin listas; exit es null en ~1.2% de los viajes (viaje sin salida) y duration_s también; trip_id como id de evento"
cdc_padron_usuarios.csv,commit_ts (y/o seq),POR CONFIRMAR (sección 6),POR CONFIRMAR,tarjeta,TC-99999999,-,-,-,"31,050 filas: 10,800 INSERT, 16,200 UPDATE, 4,050 DELETE; columna de operación: op; orden: seq vs commit_ts POR CONFIRMAR"
